Fund Name,P1,P2,P3,P4,P5,Topsis Score,Rank
M1,0.71,0.5,4.4,33.1,9.68,0.1849597884962005,8
M2,0.63,0.4,6.7,36.5,11.06,0.36958308041257165,6
M3,0.65,0.42,4.4,42.9,12.09,0.21857374102335678,7
M4,0.9,0.81,3.6,70.0,18.83,0.6571620149516814,1
M5,0.8,0.64,6.1,33.5,10.26,0.4232577213498792,5
M6,0.79,0.62,5.2,60.0,16.65,0.6278248153694463,2
M7,0.74,0.55,3.5,66.4,17.8,0.5184704749598983,4
M8,0.82,0.67,4.2,64.8,17.62,0.6226394346738285,3
